"id","type","wkt","geom_orig","geom_lastrecorded","sitetype","site","grid"
6958697,"Ogham in 3D Found","POINT(-10.243303 52.127798)",NULL,NULL,"Ecclesiastical",NULL,NULL
19853139,"Ogham in 3D Found","POINT(-9.745808 52.073955)",NULL,NULL,"Burial ground",NULL,NULL
23652212,"Ogham in 3D Found","POINT(-8.609923 51.831600)",NULL,"POINT(-6.254558 53.340408)","Souterrain",NULL,NULL
32490093,"Ogham in 3D Found","POINT(-9.778697 52.106495)",NULL,"POINT(-6.254558 53.340408)","Souterrain",NULL,NULL
42612715,"Ogham in 3D Found","POINT(-10.388106 52.178511)",NULL,"POINT(-10.306267 52.126711)","Burial ground and probable ecclesiastical site",NULL,NULL
55537655,"Ogham in 3D Found","POINT(-10.249772 52.257546)",NULL,NULL,"Unassociated",NULL,NULL
69330323,"Ogham in 3D Found","POINT(-7.465370 52.163318)",NULL,NULL,"Souterrain/Ecclesiastical",NULL,NULL
80369902,"Ogham in 3D Found","POINT(-7.548852 52.089619)",NULL,"POINT(-6.254558 53.340408)","Ecclesiastical",NULL,NULL
100609904,"Ogham in 3D Found","POINT(-6.760943 53.028577)",NULL,"POINT(-6.254558 53.340408)","Ecclesiastical",NULL,NULL
125630566,"Ogham in 3D Found","POINT(-9.749639 52.126506)",NULL,"POINT(-7.293674 53.299424)","Souterrain",NULL,NULL
143672125,"Ogham in 3D Found","POINT(-6.570066 52.827385)",NULL,NULL,"Ecclesiastical",NULL,NULL
150264867,"Ogham in 3D Found","POINT(-7.465370 52.163318)",NULL,NULL,"Souterrain/Ecclesiastical",NULL,NULL
156355274,"Ogham in 3D Found","POINT(-9.633466 52.060741)",NULL,"POINT(-9.634923 52.06042)","Souterrain",NULL,NULL
174005570,"Ogham in 3D Found","POINT(-7.465370 52.163318)",NULL,NULL,"Souterrain/Ecclesiastical",NULL,NULL
191529786,"Ogham in 3D Found","POINT(-10.196619 52.126261)",NULL,NULL,"Ecclesiastical",NULL,NULL
199691757,"Ogham in 3D Found","POINT(-7.465370 52.163318)",NULL,NULL,"Souterrain/Ecclesiastical",NULL,NULL
201791285,"Ogham in 3D Found","POINT(-6.071241 52.904532)",NULL,NULL,"Unassociated",NULL,NULL
210626444,"Ogham in 3D Found","POINT(-8.699286 51.978137)",NULL,"POINT(-6.254558 53.340408)","Unassociated",NULL,NULL
217615547,"Ogham in 3D Found","POINT(-9.745808 52.073955)",NULL,NULL,"Burial ground",NULL,NULL
243506492,"Ogham in 3D Found","POINT(-8.847020 51.681206)",NULL,"POINT(-6.254558 53.340408)","Souterrain",NULL,NULL
265339235,"Ogham in 3D Found","POINT(-9.745808 52.073955)",NULL,NULL,"Burial ground",NULL,NULL
297048686,"Ogham in 3D Found","POINT(-10.243303 52.127798)",NULL,NULL,"Ecclesiastical",NULL,NULL
298217888,"Ogham in 3D Found","POINT(-7.847713 52.074413)",NULL,NULL,"Burial ground",NULL,NULL
328648597,"Ogham in 3D Found","POINT(-6.761012 53.028493)",NULL,NULL,"Ecclesiastical",NULL,NULL
337473683,"Ogham in 3D Found","POINT(-9.721501 52.333343)",NULL,NULL,"Souterrain in large Ringfort/Rath",NULL,NULL
350303995,"Ogham in 3D Found","POINT(-9.702644 52.085442)",NULL,"POINT(-9.706264 52.266705)","Souterrain",NULL,NULL
373989444,"Ogham in 3D Found","POINT(-10.243303 52.127798)",NULL,NULL,"Ecclesiastical",NULL,NULL
379610006,"Ogham in 3D Found","POINT(-8.847020 51.681206)",NULL,"POINT(-6.254558 53.340408)","Souterrain",NULL,NULL
400529610,"Ogham in 3D Found","POINT(-7.847708 52.074382)",NULL,NULL,"Burial ground",NULL,NULL
403825105,"Ogham in 3D Found","POINT(-7.222584 52.470256)",NULL,NULL,"Unassociated",NULL,NULL
419511520,"Ogham in 3D Found","POINT(-10.243303 52.127798)",NULL,NULL,"Ecclesiastical",NULL,NULL
429541288,"Ogham in 3D Found","POINT(-6.761020 53.028337)",NULL,"POINT(-6.254558 53.340408)","Ecclesiastical",NULL,NULL
430915063,"Ogham in 3D Found","POINT(-10.388106 52.178511)",NULL,"POINT(-9.642423 52.275865)","Burial ground and probable ecclesiastical site",NULL,NULL
436014998,"Ogham in 3D Found","POINT(-10.120766 51.763611)",NULL,"POINT(-10.121919 51.764123)","Unassociated",NULL,NULL
449698435,"Ogham in 3D Found","POINT(-9.681883 52.267049)",NULL,NULL,"Ecclesiastical",NULL,NULL
463029339,"Ogham in 3D Found","POINT(-10.269093 52.136316)",NULL,"POINT(-10.405999 52.166581)","Souterrain in ringfort/rath",NULL,NULL
478871528,"Ogham in 3D Found","POINT(-7.465370 52.163318)",NULL,NULL,"Souterrain/Ecclesiastical",NULL,NULL
480271036,"Ogham in 3D Found","POINT(-9.633466 52.060741)",NULL,"POINT(-9.634923 52.06042)","Souterrain",NULL,NULL
480906870,"Ogham in 3D Found","POINT(-6.633596 53.009083)",NULL,"POINT(-6.613237 53.021622)","Standing stone pair",NULL,NULL
489107262,"Ogham in 3D Found","POINT(-9.517780 52.615507)",NULL,"POINT(-9.514446 52.614625)","Ecclesiastical",NULL,NULL
542421497,"Ogham in 3D Found","POINT(-10.306496 52.157768)",NULL,NULL,"Ecclesiastical",NULL,NULL
565050150,"Ogham in 3D Found","POINT(-10.606058 52.044046)",NULL,"POINT(-6.256657 53.343981)","Ecclesiastical",NULL,NULL
601248543,"Ogham in 3D Found","POINT(-10.473639 52.110137)",NULL,NULL,"Promontory fort",NULL,NULL
654566282,"Ogham in 3D Found","POINT(-10.283297 51.937555)",NULL,"POINT(-8.494544 51.896371)","Ecclesiastical",NULL,NULL
655670111,"Ogham in 3D Found","POINT(-10.183738 51.888405)",NULL,NULL,"Probable Ecclesiastical",NULL,NULL
667908547,"Ogham in 3D Found","POINT(-7.064559 52.628962)",NULL,NULL,"Ecclesiastical",NULL,NULL
677079888,"Ogham in 3D Found","POINT(-9.749639 52.126506)",NULL,"POINT(-6.254558 53.340408)","Souterrain",NULL,NULL
683506322,"Ogham in 3D Found","POINT(-6.613903 52.944176)",NULL,NULL,"Ringfort/rath",NULL,NULL
708970008,"Ogham in 3D Found","POINT(-8.606904 52.078037)",NULL,NULL,"Unassociated",NULL,NULL
718301393,"Ogham in 3D Found","POINT(-10.390985 52.163929)",NULL,"POINT(-6.254558 53.340408)","Unassociated",NULL,NULL
743704168,"Ogham in 3D Found","POINT(-9.633466 52.060741)",NULL,"POINT(-9.634923 52.06042)","Souterrain",NULL,NULL
751150405,"Ogham in 3D Found","POINT(-9.745808 52.073955)",NULL,NULL,"Burial ground",NULL,NULL
754905856,"Ogham in 3D Found","POINT(-10.388106 52.178511)",NULL,NULL,"Burial ground and probable ecclesiastical site",NULL,NULL
757800671,"Ogham in 3D Found","POINT(-9.633466 52.060741)",NULL,"POINT(-9.634923 52.06042)","Souterrain",NULL,NULL
803640332,"Ogham in 3D Found","POINT(-9.725042 52.165998)",NULL,"POINT(-9.725848 52.169079)","Children'a burial ground",NULL,NULL
806002341,"Ogham in 3D Found","POINT(-8.847020 51.681206)",NULL,"POINT(-6.254558 53.340408)","Souterrain",NULL,NULL
812275606,"Ogham in 3D Found","POINT(-10.243303 52.127798)",NULL,NULL,"Ecclesiastical",NULL,NULL
883273842,"Ogham in 3D Found","POINT(-6.720154 52.784779)",NULL,NULL,"Standing stone pair",NULL,NULL
892359297,"Ogham in 3D Found","POINT(-10.019614 52.257493)",NULL,"POINT(-6.254558 53.340408)","Unknown",NULL,NULL
896863945,"Ogham in 3D Found","POINT(-7.146098 52.655485)",NULL,NULL,"Ecclesiastical",NULL,NULL
903204169,"Ogham in 3D Found","POINT(-10.130758 52.135851)",NULL,NULL,"Cairn",NULL,NULL
906055269,"Ogham in 3D Found","POINT(-6.760951 53.028323)",NULL,NULL,"Ecclesiastical",NULL,NULL
941720199,"Ogham in 3D Found","POINT(-10.358471 52.143726)",NULL,NULL,"Ecclesiastical",NULL,NULL
956529329,"Ogham in 3D Found","POINT(-7.365943 52.446598)",NULL,NULL,"Ecclesiastical",NULL,NULL
1042629283,"Ogham in 3D Found","POINT(-9.554751 52.076337)",NULL,"POINT(-9.554356 52.076795)","Ecclesiastical",NULL,NULL
1045229669,"Ogham in 3D Found","POINT(-6.536390 52.995927)",NULL,NULL,"Unassociated",NULL,NULL
1046834699,"Ogham in 3D Found","POINT(-10.243303 52.127798)",NULL,NULL,"Ecclesiastical",NULL,NULL
1049943385,"Ogham in 3D Found","POINT(-6.760801 53.028514)",NULL,NULL,"Ecclesiastical",NULL,NULL
1085317177,"Ogham in 3D Found","POINT(-7.726208 51.948826)",NULL,"POINT(-6.254558 53.340408)","Ecclesiastical",NULL,NULL
1085418545,"Ogham in 3D Found","POINT(-10.388106 52.178511)",NULL,"POINT(-9.642423 52.275865)","Burial ground and probable ecclesiastical site",NULL,NULL
1086614999,"Ogham in 3D Found","POINT(-9.702644 52.085442)",NULL,"POINT(-6.254558 53.340408)","Souterrain",NULL,NULL
1096110425,"Ogham in 3D Found","POINT(-8.072074 51.968058)","POINT(-8.075929 51.971264)","POINT(-7.293729 53.299464)","Possible souterrain",NULL,NULL
1116327511,"Ogham in 3D Found","POINT(-10.331399 52.154449)",NULL,NULL,"Ecclesiastical",NULL,NULL
1118145405,"Ogham in 3D Found","POINT(-9.745808 52.073955)",NULL,NULL,"Burial ground",NULL,NULL
1141699240,"Ogham in 3D Found","POINT(-10.336582 52.184757)",NULL,NULL,"Ecclesiastical",NULL,NULL
1150505016,"Ogham in 3D Found","POINT(-7.847710 52.074331)",NULL,"POINT(-6.254558 53.340408)","Burial ground",NULL,NULL
1167030972,"Ogham in 3D Found","POINT(-9.668483 52.084366)",NULL,"POINT(-9.634923 52.06042)","Ecclesiastical",NULL,NULL
1222239017,"Ogham in 3D Found","POINT(-6.565704 53.667656)",NULL,"POINT(-6.254558 53.340408)","Unassociated",NULL,NULL
1273716495,"Ogham in 3D Found","POINT(-7.145972 52.655460)",NULL,NULL,"Ecclesiastical",NULL,NULL
1284572407,"Ogham in 3D Found","POINT(-8.606844 52.077595)",NULL,NULL,"Unassociated",NULL,NULL
1287788661,"Ogham in 3D Found","POINT(-7.162888 52.534804)",NULL,NULL,"Castle",NULL,NULL
1288763655,"Ogham in 3D Found","POINT(-9.782728 52.328817)",NULL,NULL,"Ecclesiastical",NULL,NULL
1301435977,"Ogham in 3D Found","POINT(-9.569440 52.212276)",NULL,"POINT(-6.254558 53.340408)","Ringfort/rath",NULL,NULL
1323428810,"Ogham in 3D Found","POINT(-7.365943 52.446598)",NULL,NULL,"Ecclesiastical",NULL,NULL
1330187819,"Ogham in 3D Found","POINT(-9.641833 51.937202)",NULL,"POINT(-6.254558 53.340408)","Unknown",NULL,NULL
1383808279,"Ogham in 3D Found","POINT(-10.407534 52.156204)","POINT(-10.407357 52.158683)",NULL,"Stone fort/cashel (possible souterrain)",NULL,NULL
1395872318,"Ogham in 3D Found","POINT(-8.787796 51.976513)",NULL,"POINT(-6.254558 53.340408)","Long cist burial?",NULL,NULL
1399644143,"Ogham in 3D Found","POINT(-7.481665 52.113809)",NULL,NULL,"Possible Ecclesiastical",NULL,NULL
1426409866,"Ogham in 3D Found","POINT(-9.633466 52.060741)",NULL,"POINT(-9.634923 52.06042)","Souterrain",NULL,NULL
1431304581,"Ogham in 3D Found","POINT(-8.369881 53.834383)",NULL,NULL,"Ringfort/rath",NULL,NULL
1431719422,"Ogham in 3D Found","POINT(-9.725042 52.165998)",NULL,"POINT(-9.725848 52.169079)","Children'a burial ground",NULL,NULL
1443947009,"Ogham in 3D Found","POINT(-9.633466 52.060741)",NULL,"POINT(-9.634923 52.06042)","Souterrain",NULL,NULL
1450398585,"Ogham in 3D Found","POINT(-7.037871 52.522596)",NULL,NULL,"Unassociated",NULL,NULL
1455744845,"Ogham in 3D Found","POINT(-10.137728 52.136060)",NULL,"POINT(-6.254558 53.340408)","Ecclesiastical",NULL,NULL
1457556869,"Ogham in 3D Found","POINT(-10.243303 52.127798)",NULL,NULL,"Ecclesiastical",NULL,NULL
1459199583,"Ogham in 3D Found","POINT(-9.633466 52.060741)",NULL,"POINT(-9.634923 52.06042)","Souterrain",NULL,NULL
1462439336,"Ogham in 3D Found","POINT(-7.128603 52.531772)",NULL,"POINT(-7.157583 52.510880)","Possible ecclesiastical",NULL,NULL
1465394725,"Ogham in 3D Found","POINT(-10.196581 52.126196)",NULL,NULL,"Ecclesiastical",NULL,NULL
1466450079,"Ogham in 3D Found","POINT(-9.745808 52.073955)",NULL,NULL,"Burial ground",NULL,NULL
1470213408,"Ogham in 3D Found","POINT(-7.129917 52.579293)",NULL,NULL,"Ecclesiastical",NULL,NULL
1492975904,"Ogham in 3D Found","POINT(-9.702644 52.085442)",NULL,"POINT(-6.254558 53.340408)","Souterrain",NULL,NULL
1506910203,"Ogham in 3D Found","POINT(-7.354360 52.137783)",NULL,"POINT(-7.362428 52.140308)","Promontory fort",NULL,NULL
1516085951,"Ogham in 3D Found","POINT(-7.465370 52.163318)",NULL,NULL,"Souterrain/Ecclesiastical",NULL,NULL
1522901438,"Ogham in 3D Found","POINT(-10.204740 52.140119)",NULL,"POINT(-10.306267 52.126711)","Unassociated",NULL,NULL
1525383726,"Ogham in 3D Found","POINT(-8.075929 51.971264)",NULL,"POINT(-6.254558 53.340408)","Ringfort",NULL,NULL
1568204734,"Ogham in 3D Found","POINT(-7.465370 52.163318)",NULL,NULL,"Souterrain/Ecclesiastical",NULL,NULL
1586995087,"Ogham in 3D Found","POINT(-8.609923 51.831600)",NULL,"POINT(-6.254558 53.340408)","Souterrain",NULL,NULL
1616227185,"Ogham in 3D Found","POINT(-9.721501 52.333343)",NULL,NULL,"Souterrain in large Ringfort/Rath",NULL,NULL
1622244498,"Ogham in 3D Found","POINT(-8.369872 53.834331)",NULL,NULL,"Ringfort/rath",NULL,NULL
1622896148,"Ogham in 3D Found","POINT(-10.243303 52.127798)",NULL,NULL,"Ecclesiastical",NULL,NULL
1644770103,"Ogham in 3D Found","POINT(-8.310399 53.797323)",NULL,NULL,"Souterrain at ancient royal site",NULL,NULL
1654291839,"Ogham in 3D Found","POINT(-8.310399 53.797323)",NULL,NULL,"Souterrain at ancient royal site",NULL,NULL
1683390235,"Ogham in 3D Found","POINT(-9.721501 52.333343)",NULL,NULL,"Souterrain in large Ringfort/Rath",NULL,NULL
1706731727,"Ogham in 3D Found","POINT(-8.609923 51.831600)",NULL,"POINT(-6.254558 53.340408)","Souterrain",NULL,NULL
1720317096,"Ogham in 3D Found","POINT(-10.216217 52.131625)",NULL,NULL,"Possible Ecclesiastical",NULL,NULL
1727691925,"Ogham in 3D Found","POINT(-8.765218 53.773045)",NULL,"POINT(-6.254558 53.340408)","Ecclesiastical",NULL,NULL
1728508337,"Ogham in 3D Found","POINT(-9.702644 52.085442)",NULL,"POINT(-6.254558 53.340408)","Souterrain",NULL,NULL
1731460947,"Ogham in 3D Found","POINT(-7.004731 52.689927)",NULL,"POINT(-7.254813 52.654265)","Unknown",NULL,NULL
1767872231,"Ogham in 3D Found","POINT(-9.745808 52.073955)",NULL,NULL,"Burial ground",NULL,NULL
1807399466,"Ogham in 3D Found","POINT(-7.465370 52.163318)",NULL,NULL,"Souterrain/Ecclesiastical",NULL,NULL
1812186760,"Ogham in 3D Found","POINT(-7.465370 52.163318)",NULL,NULL,"Souterrain/Ecclesiastical",NULL,NULL
1812555119,"Ogham in 3D Found","POINT(-9.781661 52.328526)",NULL,NULL,"Ecclesiastical",NULL,NULL
1831823986,"Ogham in 3D Found","POINT(-8.609923 51.831600)",NULL,"POINT(-6.254558 53.340408)","Souterrain",NULL,NULL
1846524978,"Ogham in 3D Found","POINT(-9.867312 51.822169)",NULL,"POINT(-6.254558 53.340408)","Unknown",NULL,NULL
1855558417,"Ogham in 3D Found","POINT(-7.725973 51.948556)",NULL,"POINT(-7.725908 51.948852)","Ecclesiastical",NULL,NULL
1882857558,"Ogham in 3D Found","POINT(-8.609923 51.831600)",NULL,"POINT(-10.405999 52.166581)","Souterrain",NULL,NULL
1897980790,"Ogham in 3D Found","POINT(-9.254148 54.246617)",NULL,NULL,"Unassociated",NULL,NULL
1898288515,"Ogham in 3D Found","POINT(-6.889553 52.151461)",NULL,"POINT(-6.254558 53.340408)","Ecclesiastical",NULL,NULL
1908783066,"Ogham in 3D Found","POINT(-10.137728 52.136060)",NULL,NULL,"Ecclesiastical",NULL,NULL
1909099450,"Ogham in 3D Found","POINT(-7.725680 51.948752)",NULL,"POINT(-7.725916 51.948800)","Ecclesiastical",NULL,NULL
1922660645,"Ogham in 3D Found","POINT(-9.745808 52.073955)",NULL,NULL,"Burial ground",NULL,NULL
1976235287,"Ogham in 3D Found","POINT(-6.424467 53.986185)",NULL,"POINT(-6.397017 54.004625)","Souterrain in enclosure",NULL,NULL
1976331329,"Ogham in 3D Found","POINT(-7.548852 52.089619)",NULL,"POINT(-6.254558 53.340408)","Ecclesiastical",NULL,NULL
1986076351,"Ogham in 3D Found","POINT(-8.787796 51.976513)",NULL,"POINT(-6.254558 53.340408)","Souterrain",NULL,NULL
1988407528,"Ogham in 3D Found","POINT(-9.944582 51.712874)",NULL,NULL,"Standing stone",NULL,NULL
2000871810,"Ogham in 3D Found","POINT(-7.354360 52.137783)",NULL,"POINT(-7.362347 52.140285)","Promontory fort",NULL,NULL
2001507273,"Ogham in 3D Found","POINT(-8.609923 51.831600)",NULL,"POINT(-6.254558 53.340408)","Souterrain",NULL,NULL
2007739448,"Ogham in 3D Found","POINT(-6.552921 53.377091)",NULL,"POINT(-6.254558 53.340408)","Ecclesiastical",NULL,NULL
2008766583,"Ogham in 3D Found","POINT(-10.269093 52.136316)",NULL,"POINT(-10.405999 52.166581)","Possible souterrain in ringfort/rath",NULL,NULL
2030746178,"Ogham in 3D Found","POINT(-10.388106 52.178511)",NULL,"POINT(-10.306267 52.126711)","Burial ground and probable ecclesiastical site",NULL,NULL
2078464544,"Ogham in 3D Found","POINT(-8.787796 51.976513)",NULL,"POINT(-6.254558 53.340408)","Souterrain",NULL,NULL
2084109699,"Ogham in 3D Found","POINT(-7.465370 52.163318)",NULL,NULL,"Souterrain/Ecclesiastical",NULL,NULL
2086231415,"Ogham in 3D Found","POINT(-10.243303 52.127798)",NULL,NULL,"Ecclesiastical",NULL,NULL
2101317927,"Ogham in 3D Found","POINT(-10.130758 52.135851)",NULL,NULL,"Cairn",NULL,NULL
8000000002,"Wikidata","POINT(-7.468056 52.163056)",NULL,NULL,NULL,NULL,NULL
8000000003,"Wikidata","POINT(-10.176111 52.129444)",NULL,NULL,NULL,NULL,NULL
8000000004,"Wikidata","POINT(-9.330833 54.260278)",NULL,NULL,NULL,NULL,NULL
8000000005,"Wikidata","POINT(-7.047778 54.699444)",NULL,NULL,NULL,NULL,NULL
8000000006,"Wikidata","POINT(-10.138056 52.133056)",NULL,NULL,NULL,NULL,NULL
8000000007,"Wikidata","POINT(-8.846944 51.678889)",NULL,NULL,NULL,NULL,NULL
8000000008,"Wikidata","POINT(-10.063056 52.159167)",NULL,NULL,NULL,NULL,NULL
8000000009,"Wikidata","POINT(-10.061076 52.152143)",NULL,NULL,NULL,NULL,NULL
8000000010,"Wikidata","POINT(-9.733611 52.165556)",NULL,NULL,NULL,NULL,NULL
8000000011,"Wikidata","POINT(-9.772778 52.328889)",NULL,NULL,NULL,NULL,NULL
8000000012,"Wikidata","POINT(-7.729167 51.944167)",NULL,NULL,NULL,NULL,NULL
8000000013,"Wikidata","POINT(-10.049167 52.143056)",NULL,NULL,NULL,NULL,NULL
8000000014,"Wikidata","POINT(-9.662778 52.147778)",NULL,NULL,NULL,NULL,NULL
8000000015,"Wikidata","POINT(-10.236944 52.2675)",NULL,NULL,NULL,NULL,NULL
8000000016,"Wikidata","POINT(-9.088056 51.770833)",NULL,NULL,NULL,NULL,NULL
8000000017,"Wikidata","POINT(-10.2075 52.140556)",NULL,NULL,NULL,NULL,NULL
8000000018,"Wikidata","POINT(-8.377222 52.381944)",NULL,NULL,NULL,NULL,NULL
8000000019,"Wikidata","POINT(-10.386111 52.176111)",NULL,NULL,NULL,NULL,NULL
8000000020,"Wikidata","POINT(-10.031111 52.1725)",NULL,NULL,NULL,NULL,NULL
8000000021,"Wikidata","POINT(-10.031389 52.155278)",NULL,NULL,NULL,NULL,NULL
8000000022,"Wikidata","POINT(-10.159444 52.186944)",NULL,NULL,NULL,NULL,NULL
8000000023,"Wikidata","POINT(-6.720556 52.250556)",NULL,NULL,NULL,NULL,NULL
8000000024,"Wikidata","POINT(-10.0375 52.165833)",NULL,NULL,NULL,NULL,NULL
8000000025,"Wikidata","POINT(-6.43833 53.98278)",NULL,NULL,NULL,NULL,NULL
8000000026,"Wikidata","POINT(-7.231111 52.471944)",NULL,NULL,NULL,NULL,NULL
8000000027,"Wikidata","POINT(-9.746467 52.32801)",NULL,NULL,NULL,NULL,NULL
8000000028,"Wikidata","POINT(-10.323333 52.160556)",NULL,NULL,NULL,NULL,NULL
8000000029,"Wikidata","POINT(-8.823889 52.4575)",NULL,NULL,NULL,NULL,NULL
8000000030,"Wikidata","POINT(-8.608333 51.838611)",NULL,NULL,NULL,NULL,NULL
8000000031,"Wikidata","POINT(-8.071111 52.026944)",NULL,NULL,NULL,NULL,NULL
8000000032,"Wikidata","POINT(-10.3275 52.151389)",NULL,NULL,NULL,NULL,NULL
8000000033,"Wikidata","POINT(-8.453333 52.010278)",NULL,NULL,NULL,NULL,NULL
8000000034,"Wikidata","POINT(-10.029722 52.1875)",NULL,NULL,NULL,NULL,NULL
8000000035,"Wikidata","POINT(-7.385 52.311111)",NULL,NULL,NULL,NULL,NULL
8000000036,"Wikidata","POINT(-7.524444 52.76)",NULL,NULL,NULL,NULL,NULL
8000000037,"Wikidata","POINT(-7.226667 52.185)",NULL,NULL,NULL,NULL,NULL
8000000038,"Wikidata","POINT(-7.439167 52.133333)",NULL,NULL,NULL,NULL,NULL
8000000039,"Wikidata","POINT(-10.400833 52.155833)",NULL,NULL,NULL,NULL,NULL
8000000040,"Wikidata","POINT(-6.624444 52.966389)",NULL,NULL,NULL,NULL,NULL
8000000041,"Wikidata","POINT(-6.476667 53.845)",NULL,NULL,NULL,NULL,NULL
8000000042,"Wikidata","POINT(-8.818333 52.015833)",NULL,NULL,NULL,NULL,NULL
8000000043,"Wikidata","POINT(-9.438889 52.1425)",NULL,NULL,NULL,NULL,NULL
8000000044,"Wikidata","POINT(-8.360556 52.008611)",NULL,NULL,NULL,NULL,NULL
8000000045,"Wikidata","POINT(-6.608898 52.947012)",NULL,NULL,NULL,NULL,NULL
8000000046,"Wikidata","POINT(-9.687778 52.161944)",NULL,NULL,NULL,NULL,NULL
8000000047,"Wikidata","POINT(-10.036389 52.146944)",NULL,NULL,NULL,NULL,NULL
8000000048,"Wikidata","POINT(-10.159444 52.186944)",NULL,NULL,NULL,NULL,NULL
8000000049,"Wikidata","POINT(-9.248056 54.248611)",NULL,NULL,NULL,NULL,NULL
8000000050,"Wikidata","POINT(-9.736282 52.067482)",NULL,NULL,NULL,NULL,NULL
8000000051,"Wikidata","POINT(-8.69389 51.97722)",NULL,NULL,NULL,NULL,NULL
8000000052,"Wikidata","POINT(-9.0125 51.577778)",NULL,NULL,NULL,NULL,NULL
8000000053,"Wikidata","POINT(-8.599444 52.068056)",NULL,NULL,NULL,NULL,NULL
8000000054,"Wikidata","POINT(-10.306944 52.125833)",NULL,NULL,NULL,NULL,NULL
8000000055,"Wikidata","POINT(-9.910278 52.215)",NULL,NULL,NULL,NULL,NULL
8000000056,"Wikidata","POINT(-10.166667 51.921111)",NULL,NULL,NULL,NULL,NULL
8000000057,"Wikidata","POINT(-8.956111 51.688333)",NULL,NULL,NULL,NULL,NULL
8000000058,"Wikidata","POINT(-6.183333 54.803056)",NULL,NULL,NULL,NULL,NULL
8000000059,"Wikidata","POINT(-8.909167 52.0075)",NULL,NULL,NULL,NULL,NULL
8000000060,"Wikidata","POINT(-6.74288 52.762953)",NULL,NULL,NULL,NULL,NULL
8000000061,"Wikidata","POINT(-6.96 53.735833)",NULL,NULL,NULL,NULL,NULL
8000000062,"Wikidata","POINT(-6.063611 52.909167)",NULL,NULL,NULL,NULL,NULL
8000000063,"Wikidata","POINT(-10.2832 51.9376)",NULL,NULL,NULL,NULL,NULL
8000000064,"Wikidata","POINT(-7.150556 52.651389)",NULL,NULL,NULL,NULL,NULL
8000000065,"Wikidata","POINT(-10.170106 52.140298)",NULL,NULL,NULL,NULL,NULL
8000000066,"Wikidata","POINT(-7.13778 52.53472)",NULL,NULL,NULL,NULL,NULL
8000000067,"Wikidata","POINT(-10.176944 51.894167)",NULL,NULL,NULL,NULL,NULL
8000000068,"Wikidata","POINT(-9.134153 51.904032)",NULL,NULL,NULL,NULL,NULL
8000000069,"Wikidata","POINT(-7.985726 53.326779)",NULL,NULL,NULL,NULL,NULL
8000000070,"Wikidata","POINT(-6.573611 52.826389)",NULL,NULL,NULL,NULL,NULL
8000000071,"Wikidata","POINT(-7.870556 53.816389)",NULL,NULL,NULL,NULL,NULL
8000000072,"Wikidata","POINT(-9.421389 52.566667)",NULL,NULL,NULL,NULL,NULL
8000000073,"Wikidata","POINT(-6.756389 53.031111)",NULL,NULL,NULL,NULL,NULL
8000000074,"Wikidata","POINT(-10.365556 51.912222)",NULL,NULL,NULL,NULL,NULL
8000000075,"Wikidata","POINT(-9.026388888 51.841944444)",NULL,NULL,NULL,NULL,NULL
8000000076,"Wikidata","POINT(-8.823889 51.955833)",NULL,NULL,NULL,NULL,NULL
8000000077,"Wikidata","POINT(-9.642778 52.061111)",NULL,NULL,NULL,NULL,NULL
8000000078,"Wikidata","POINT(-8.539722 51.957778)",NULL,NULL,NULL,NULL,NULL
8000000079,"Wikidata","POINT(-9.283611 51.733056)",NULL,NULL,NULL,NULL,NULL
8000000080,"Wikidata","POINT(-9.771944 52.165833)",NULL,NULL,NULL,NULL,NULL
8000000081,"Wikidata","POINT(-9.083889 54.074444)",NULL,NULL,NULL,NULL,NULL
8000000082,"Wikidata","POINT(-6.4275 52.215278)",NULL,NULL,NULL,NULL,NULL
8000000083,"Wikidata","POINT(-10.458333 52.111944)",NULL,NULL,NULL,NULL,NULL
8000000084,"Wikidata","POINT(-10.175484 52.125339)",NULL,NULL,NULL,NULL,NULL
8000000085,"Wikidata","POINT(-9.5325 52.191667)",NULL,NULL,NULL,NULL,NULL
8000000086,"Wikidata","POINT(-7.391111 52.330556)",NULL,NULL,NULL,NULL,NULL
8000000087,"Wikidata","POINT(-8.928056 52.066667)",NULL,NULL,NULL,NULL,NULL
8000000088,"Wikidata","POINT(-9.132804 51.792584)",NULL,NULL,NULL,NULL,NULL
8000000089,"Wikidata","POINT(-9.621667 52.208611)",NULL,NULL,NULL,NULL,NULL
8000000090,"Wikidata","POINT(-7.379167 52.324167)",NULL,NULL,NULL,NULL,NULL
8000000091,"Wikidata","POINT(-7.755833 51.988333)",NULL,NULL,NULL,NULL,NULL
8000000092,"Wikidata","POINT(-10.122222 51.773056)",NULL,NULL,NULL,NULL,NULL
8000000093,"Wikidata","POINT(-8.887778 51.940833)",NULL,NULL,NULL,NULL,NULL
8000000094,"Wikidata","POINT(-9.746667 51.91)",NULL,NULL,NULL,NULL,NULL
8000000095,"Wikidata","POINT(-9.665 51.974444)",NULL,NULL,NULL,NULL,NULL
8000000096,"Wikidata","POINT(-10.27 52.14)",NULL,NULL,NULL,NULL,NULL
8000000097,"Wikidata","POINT(-6.551111 53.375278)",NULL,NULL,NULL,NULL,NULL
8000000098,"Wikidata","POINT(-6.617778 53.016944)",NULL,NULL,NULL,NULL,NULL
8000000099,"Wikidata","POINT(-9.87 53.746389)",NULL,NULL,NULL,NULL,NULL
8000000100,"Wikidata","POINT(-9.525833 51.885278)",NULL,NULL,NULL,NULL,NULL
8000000101,"Wikidata","POINT(-10.113611 51.848056)",NULL,NULL,NULL,NULL,NULL
8000000102,"Wikidata","POINT(-9.786667 51.881111)",NULL,NULL,NULL,NULL,NULL
8000000103,"Wikidata","POINT(-7.848889 52.064444)",NULL,NULL,NULL,NULL,NULL
8000000104,"Wikidata","POINT(-6.655278 54.307222)",NULL,NULL,NULL,NULL,NULL
8000000105,"Wikidata","POINT(-8.362222 53.84)",NULL,NULL,NULL,NULL,NULL
8000000106,"Wikidata","POINT(-6.142222 53.293333)",NULL,NULL,NULL,NULL,NULL
8000000107,"Wikidata","POINT(-6.744444 55.116667)",NULL,NULL,NULL,NULL,NULL
8000000108,"Wikidata","POINT(-7.172222 52.617778)",NULL,NULL,NULL,NULL,NULL
8000000109,"Wikidata","POINT(-8.452778 51.980833)",NULL,NULL,NULL,NULL,NULL
8000000110,"Wikidata","POINT(-7.209444 53.794444)",NULL,NULL,NULL,NULL,NULL
8000000111,"Wikidata","POINT(-9.112042 51.714579)",NULL,NULL,NULL,NULL,NULL
8000000112,"Wikidata","POINT(-10.228056 52.133056)",NULL,NULL,NULL,NULL,NULL
8000000113,"Wikidata","POINT(-10.270556 52.135278)",NULL,NULL,NULL,NULL,NULL
8000000114,"Wikidata","POINT(-8.9807 52.8463)",NULL,NULL,NULL,NULL,NULL
8000000115,"Wikidata","POINT(-10.269408 52.139327)",NULL,NULL,NULL,NULL,NULL
8000000116,"Wikidata","POINT(-9.935278 51.712222)",NULL,NULL,NULL,NULL,NULL
8000000117,"Wikidata","POINT(-7.036389 52.518889)",NULL,NULL,NULL,NULL,NULL
8000000118,"Wikidata","POINT(-9.724167 52.362778)",NULL,NULL,NULL,NULL,NULL
8000000119,"Wikidata","POINT(-7.495 52.155278)",NULL,NULL,NULL,NULL,NULL
8000000120,"Wikidata","POINT(-8.761667 51.816389)",NULL,NULL,NULL,NULL,NULL
8000000121,"Wikidata","POINT(-7.483333 52.191389)",NULL,NULL,NULL,NULL,NULL
8000000122,"Wikidata","POINT(-9.765716 51.889059)",NULL,NULL,NULL,NULL,NULL
8000000123,"Wikidata","POINT(-10.437222 52.103333)",NULL,NULL,NULL,NULL,NULL
8000000124,"Wikidata","POINT(-10.159444 52.186944)",NULL,NULL,NULL,NULL,NULL
8000000125,"Wikidata","POINT(-8.538435 52.031405)",NULL,NULL,NULL,NULL,NULL
8000000126,"Wikidata","POINT(-9.115 51.849444)",NULL,NULL,NULL,NULL,NULL
8000000127,"Wikidata","POINT(-8.866111 51.991111)",NULL,NULL,NULL,NULL,NULL
8000000128,"Wikidata","POINT(-8.175556 51.969444)",NULL,NULL,NULL,NULL,NULL
8000000130,"Wikidata","POINT(-9.581944 52.226667)",NULL,NULL,NULL,NULL,NULL
8000000131,"Wikidata","POINT(-9.551667 51.8475)",NULL,NULL,NULL,NULL,NULL
8000000132,"Wikidata","POINT(-10.126667 52.140833)",NULL,NULL,NULL,NULL,NULL
8000000133,"Wikidata","POINT(-9.981667 51.628889)",NULL,NULL,NULL,NULL,NULL
8000000134,"Wikidata","POINT(-7.066111 52.6325)",NULL,NULL,NULL,NULL,NULL
8000000135,"Wikidata","POINT(-6.958056 52.5425)",NULL,NULL,NULL,NULL,NULL
8000000136,"Wikidata","POINT(-8.601944 52.081111)",NULL,NULL,NULL,NULL,NULL
8000000137,"Wikidata","POINT(-6.560318 52.862438)",NULL,NULL,NULL,NULL,NULL
8000000138,"Wikidata","POINT(-6.887778 52.161389)",NULL,NULL,NULL,NULL,NULL
8000000139,"Wikidata","POINT(-9.316944 53.485556)",NULL,NULL,NULL,NULL,NULL
8000000140,"Wikidata","POINT(-9.389167 51.839444)",NULL,NULL,NULL,NULL,NULL
8000000141,"Wikidata","POINT(-10.607778 52.044444)",NULL,NULL,NULL,NULL,NULL
8000000142,"Wikidata","POINT(-8.805 53.781667)",NULL,NULL,NULL,NULL,NULL
8000000143,"Wikidata","POINT(-9.228056 51.828333)",NULL,NULL,NULL,NULL,NULL
8000000144,"Wikidata","POINT(-10.180949 53.983608)",NULL,NULL,NULL,NULL,NULL
8000000145,"Wikidata","POINT(-9.185833 51.759444)",NULL,NULL,NULL,NULL,NULL
8000000146,"Wikidata","POINT(-7.544722 52.110278)",NULL,NULL,NULL,NULL,NULL
8000000147,"Wikidata","POINT(-9.673611 52.086111)",NULL,NULL,NULL,NULL,NULL
8000000148,"Wikidata","POINT(-9.711944 51.7275)",NULL,NULL,NULL,NULL,NULL
8000000149,"Wikidata","POINT(-9.747222 52.071944)",NULL,NULL,NULL,NULL,NULL
8000000150,"Wikidata","POINT(-8.81 51.9875)",NULL,NULL,NULL,NULL,NULL
8000000151,"Wikidata","POINT(-6.956452 52.631753)",NULL,NULL,NULL,NULL,NULL
8000000152,"Wikidata","POINT(-10.300556 52.153333)",NULL,NULL,NULL,NULL,NULL
8000000153,"Wikidata","POINT(-9.718889 52.068056)",NULL,NULL,NULL,NULL,NULL
8000000154,"Wikidata","POINT(-7.549722 52.090556)",NULL,NULL,NULL,NULL,NULL
8000000155,"Wikidata","POINT(-10.029167 52.031111)",NULL,NULL,NULL,NULL,NULL
8000000156,"Wikidata","POINT(-6.530278 52.543611)",NULL,NULL,NULL,NULL,NULL
8000000157,"Wikidata","POINT(-10.058583 51.907671)",NULL,NULL,NULL,NULL,NULL
8000000158,"Wikidata","POINT(-10.175833 51.913333)",NULL,NULL,NULL,NULL,NULL
8000000159,"Wikidata","POINT(-9.540833 52.233611)",NULL,NULL,NULL,NULL,NULL
8000000160,"Wikidata","POINT(-9.540833 52.233611)",NULL,NULL,NULL,NULL,NULL
8000000161,"Wikidata","POINT(-10.301944 51.843333)",NULL,NULL,NULL,NULL,NULL
8000000162,"Wikidata","POINT(-10.333056 52.188333)",NULL,NULL,NULL,NULL,NULL
8000000163,"Wikidata","POINT(-8.765556 53.773611)",NULL,NULL,NULL,NULL,NULL
8000000164,"Wikidata","POINT(-8.789444 51.985556)",NULL,NULL,NULL,NULL,NULL
8000000165,"Wikidata","POINT(-7.804444 52.1025)",NULL,NULL,NULL,NULL,NULL
8000000166,"Wikidata","POINT(-10.318342 52.209394)",NULL,NULL,NULL,NULL,NULL
8000000167,"Wikidata","POINT(-10.194444 52.120556)",NULL,NULL,NULL,NULL,NULL
8000000168,"Wikidata","POINT(-6.535 52.998056)",NULL,NULL,NULL,NULL,NULL
8000000169,"Wikidata","POINT(-7.511667 52.326389)",NULL,NULL,NULL,NULL,NULL
8000000170,"Wikidata","POINT(-7.6 52.111389)",NULL,NULL,NULL,NULL,NULL
8000000171,"Wikidata","POINT(-7.35056 52.14028)",NULL,NULL,NULL,NULL,NULL
8000000172,"Wikidata","POINT(-8.838889 51.9575)",NULL,NULL,NULL,NULL,NULL
8000000173,"Wikidata","POINT(-8.794722 51.868056)",NULL,NULL,NULL,NULL,NULL
8000000174,"Wikidata","POINT(-8.741852 51.995245)",NULL,NULL,NULL,NULL,NULL
8000000175,"Wikidata","POINT(-7.360833 52.443889)",NULL,NULL,NULL,NULL,NULL
8000000176,"Wikidata","POINT(-7.158611 52.538611)",NULL,NULL,NULL,NULL,NULL
8000000177,"Wikidata","POINT(-10.220833 51.923333)",NULL,NULL,NULL,NULL,NULL
8000000178,"Wikidata","POINT(-10.025278 52.013611)",NULL,NULL,NULL,NULL,NULL
8000000179,"Wikidata","POINT(-9.046029 52.051362)",NULL,NULL,NULL,NULL,NULL
8000000180,"Wikidata","POINT(-9.413611 51.883333)",NULL,NULL,NULL,NULL,NULL
8000000181,"Wikidata","POINT(-10.124722 52.135833)",NULL,NULL,NULL,NULL,NULL
8000000182,"Wikidata","POINT(-9.875 51.858611)",NULL,NULL,NULL,NULL,NULL
8000000183,"Wikidata","POINT(-10.023333 52.251944)",NULL,NULL,NULL,NULL,NULL
8000000184,"Wikidata","POINT(-10.359444 52.144722)",NULL,NULL,NULL,NULL,NULL
8000000185,"Wikidata","POINT(-8.779444 51.974444)",NULL,NULL,NULL,NULL,NULL
8000000186,"Wikidata","POINT(-9.083889 51.926111)",NULL,NULL,NULL,NULL,NULL
8000000187,"Wikidata","POINT(-8.829444 51.970833)",NULL,NULL,NULL,NULL,NULL
8000000188,"Wikidata","POINT(-8.562778 52.328611)",NULL,NULL,NULL,NULL,NULL
8000000189,"Wikidata","POINT(-7.5175 54.362222)",NULL,NULL,NULL,NULL,NULL
8000000190,"Wikidata","POINT(-8.105278 52.275833)",NULL,NULL,NULL,NULL,NULL
8000000191,"Wikidata","POINT(-6.597584 53.819089)",NULL,NULL,NULL,NULL,NULL
8000000192,"Wikidata","POINT(-7.59 52.160833)",NULL,NULL,NULL,NULL,NULL
8000000193,"Wikidata","POINT(-6.559167 53.673333)",NULL,NULL,NULL,NULL,NULL
8000000194,"Wikidata","POINT(-9.558333 52.077778)",NULL,NULL,NULL,NULL,NULL
8000000195,"Wikidata","POINT(-9.875 51.858611)",NULL,NULL,NULL,NULL,NULL
8000000196,"Wikidata","POINT(-6.1525 53.419722)",NULL,NULL,NULL,NULL,NULL
8000000197,"Wikidata","POINT(-7.758056 52.221667)",NULL,NULL,NULL,NULL,NULL
8000000198,"Wikidata","POINT(-6.954444 53.805)",NULL,NULL,NULL,NULL,NULL
8000000199,"Wikidata","POINT(-9.67583 52.2675)",NULL,NULL,NULL,NULL,NULL
8000000200,"Wikidata","POINT(-8.075556 51.977222)",NULL,NULL,NULL,NULL,NULL
8000000201,"Wikidata","POINT(-8.246111 52.005278)",NULL,NULL,NULL,NULL,NULL
8000000202,"Wikidata","POINT(-10.024444 52.167778)",NULL,NULL,NULL,NULL,NULL
8000000203,"Wikidata","POINT(-6.716667 52.781944)",NULL,NULL,NULL,NULL,NULL
8000000204,"Wikidata","POINT(-9.72028 52.33167)",NULL,NULL,NULL,NULL,NULL
8000000205,"Wikidata","POINT(-10.33164 51.847737)",NULL,NULL,NULL,NULL,NULL
8000000206,"Wikidata","POINT(-9.990556 52.1725)",NULL,NULL,NULL,NULL,NULL
8000000207,"Wikidata","POINT(-10.382222 52.166667)",NULL,NULL,NULL,NULL,NULL
8000000208,"Wikidata","POINT(-9.631667 52.128889)",NULL,NULL,NULL,NULL,NULL
8000000209,"Wikidata","POINT(-8.784167 51.886667)",NULL,NULL,NULL,NULL,NULL
8000000210,"Wikidata","POINT(-8.665278 53.896111)",NULL,NULL,NULL,NULL,NULL
8000000211,"Wikidata","POINT(-6.6177 52.1173)",NULL,NULL,NULL,NULL,NULL
8000000212,"Wikidata","POINT(-9.51861 52.61278)",NULL,NULL,NULL,NULL,NULL
8000000213,"Wikidata","POINT(-7.998889 52.199444)",NULL,NULL,NULL,NULL,NULL
8000000214,"Wikidata","POINT(-7.0275 52.69528)",NULL,NULL,NULL,NULL,NULL
8000000215,"Wikidata","POINT(-8.447778 52.803333)",NULL,NULL,NULL,NULL,NULL
8000000216,"Wikidata","POINT(-7.871111 54.608611)",NULL,NULL,NULL,NULL,NULL
8000000217,"Wikidata","POINT(-10.058889 51.970833)",NULL,NULL,NULL,NULL,NULL
8000000218,"Wikidata","POINT(-8.893056 51.645)",NULL,NULL,NULL,NULL,NULL
8000000219,"Wikidata","POINT(-7.131313 52.526469)",NULL,NULL,NULL,NULL,NULL
8000000220,"Wikidata","POINT(-9.7575 52.124722)",NULL,NULL,NULL,NULL,NULL
8000000221,"Wikidata","POINT(-8.297778 53.8075)",NULL,NULL,NULL,NULL,NULL
8000000222,"Wikidata","POINT(-7.746944 52.267222)",NULL,NULL,NULL,NULL,NULL
8000000223,"Wikidata","POINT(-7.994842 52.407427)",NULL,NULL,NULL,NULL,NULL
8000000224,"Wikidata","POINT(-9.710278 52.268056)",NULL,NULL,NULL,NULL,NULL
8000000225,"Wikidata","POINT(-6.727222 52.848056)",NULL,NULL,NULL,NULL,NULL
8000000226,"Wikidata","POINT(-8.709444 53.728611)",NULL,NULL,NULL,NULL,NULL
8000000227,"Wikidata","POINT(-7.121389 52.5775)",NULL,NULL,NULL,NULL,NULL
8000000228,"Wikidata","POINT(-8.757222 51.946389)",NULL,NULL,NULL,NULL,NULL
8000000229,"Wikidata","POINT(-9.063611 53.022222)",NULL,NULL,NULL,NULL,NULL
8000000230,"Wikidata","POINT(-9.703056 52.080556)",NULL,NULL,NULL,NULL,NULL
8000000231,"Wikidata","POINT(-7.487778 52.341944)",NULL,NULL,NULL,NULL,NULL
9000000003,"CISP Grid","POINT(-10.112481 51.848282)",NULL,NULL,NULL,"DKEAR","V 54500 68300"
9000000005,"CISP Grid","POINT(-7.4500894 52.132918)",NULL,NULL,NULL,"BLVOO","X 37700 98000"
9000000008,"CISP Grid","POINT(-10.184095 51.888328)",NULL,NULL,NULL,"CLCAH","V 49700 72900"
9000000010,"CISP Grid","POINT(-8.5244057 51.953270)",NULL,NULL,NULL,"COOLN","W 6400 7800"
9000000011,"CISP Grid","POINT(-10.272190 52.136577)",NULL,NULL,NULL,"EMLGW","Q 44500 00700"
9000000012,"CISP Grid","POINT(-10.468010 52.111063)",NULL,NULL,NULL,"COUME","V 31000 98300"
9000000013,"CISP Grid","POINT(-9.2890736 51.731647)",NULL,NULL,NULL,"COOME","W 11000 54000"
9000000016,"CISP Grid","POINT(-9.9586569 52.182654)",NULL,NULL,NULL,"GLNMO","Q 66100 05200"
9000000020,"CISP Grid","POINT(-10.308166 52.125989)",NULL,NULL,NULL,"BRHAM","V 42000 99600"
9000000021,"CISP Grid","POINT(-9.8003264 51.846284)",NULL,NULL,NULL,"DERIV","V 76000 67500"
9000000023,"CISP Grid","POINT(-7.5092085 52.202386)",NULL,NULL,NULL,"KNKLA","S 33600 05700"
9000000024,"CISP Grid","POINT(-9.4255751 51.882885)",NULL,NULL,NULL,"LMNGH","W 01900 71000"
9000000031,"CISP Grid","POINT(-9.9932458 52.171287)",NULL,NULL,NULL,"RTHOD","Q 63700 04000"
9000000044,"CISP Grid","POINT(-10.21771 51.92186)",NULL,NULL,NULL,"LETER","V 47500 76700"
9000000046,"CISP Grid","POINT(-8.6977327 53.726416)",NULL,NULL,NULL,"TULLA","M 54000 75400"
9000000047,"CISP Grid","POINT(-6.9690351 52.534154)",NULL,NULL,NULL,"GRMGH","S 70000 43000"
9000000048,"CISP Grid","POINT(-9.7897559 51.872514)",NULL,NULL,NULL,"DRLUS","V 76800 70400"
9000000049,"CISP Grid","POINT(-7.8475602 52.073882)",NULL,NULL,NULL,"DROMR","X 10500 91300"
9000000050,"CISP Grid","POINT(-9.091661 51.769602)",NULL,NULL,NULL,"AUTAG","W 24700 58000"
9000000055,"CISP Grid","POINT(-7.4859806 52.187008)",NULL,NULL,NULL,"GAMIL","S 35200 04000"
9000000059,"CISP Grid","POINT(-9.8805489 53.746042)",NULL,NULL,NULL,"DOOGH","L 76000 79000"
9000000062,"CISP Grid","POINT(-8.8147291 51.999258)",NULL,NULL,NULL,"BARHA","W 44100 83300"
9000000067,"CISP Grid","POINT(-7.2242942 52.182881)",NULL,NULL,NULL,"BAVEL","S 53100 03700"
9000000071,"CISP Grid","POINT(-8.6100255 51.830615)",NULL,NULL,NULL,"BAHAN","W 58000 64400"
9000000074,"CISP Grid","POINT(-6.7635518 53.0265)",NULL,NULL,NULL,"COLIN","S 83000 98000"
9000000075,"CISP Grid","POINT(-10.363843 51.908227)",NULL,NULL,NULL,"COOLE","V 37400 75500"
9000000076,"CISP Grid","POINT(-9.2542136 54.246655)",NULL,NULL,NULL,"BREAS","G 18300 33800"
9000000079,"CISP Grid","POINT(-9.7362822 52.067482)",NULL,NULL,NULL,"BRHKL","V 81000 92000"
9000000085,"CISP Grid","POINT(-10.124896 52.14202)",NULL,NULL,NULL,"GORGH","Q 54600 01000"
9000000086,"CISP Grid",NULL,NULL,NULL,NULL,"GRTMA",NULL
9000000087,"CISP Grid","POINT(-8.8151571 51.942628)",NULL,NULL,NULL,"COOGH","W 44000 77000"
9000000089,"CISP Grid","POINT(-9.7270828 52.169193)",NULL,NULL,NULL,"ARDCT","Q 81900 03300"
9000000090,"CISP Grid","POINT(-8.7881099 51.976069)",NULL,NULL,NULL,"MONAT","W 45900 80700"
9000000093,"CISP Grid","POINT(-9.0778547 54.073146)",NULL,NULL,NULL,"CORRO","G 29500 14300"
9000000094,"CISP Grid","POINT(-8.8462026 51.969374)",NULL,NULL,NULL,"KNOUR","W 41900 80000"
9000000096,"CISP Grid","POINT(-8.7964496 51.871747)",NULL,NULL,NULL,"KNWEE","W 45200 69100"
9000000101,"CISP Grid","POINT(-9.7900916 52.318368)",NULL,NULL,NULL,"ARDFE","Q 78000 20000"
9000000102,"CISP Grid","POINT(-9.5511251 52.195908)",NULL,NULL,NULL,"CRAG","Q 94000 06000"
9000000104,"CISP Grid","POINT(-8.0837802 52.033504)",NULL,NULL,NULL,"BAKNK","W 94300 86800"
9000000105,"CISP Grid","POINT(-10.219378 52.132189)",NULL,NULL,NULL,"EMLGE","Q 48100 00100"
9000000106,"CISP Grid","POINT(-7.0370961 52.522145)",NULL,NULL,NULL,"FIDUP","S 65400 41600"
9000000109,"CISP Grid","POINT(-10.389889 52.179198)",NULL,NULL,NULL,"BALIG","Q 36600 05700"
9000000131,"CISP Grid","POINT(-8.5728675 52.330543)",NULL,NULL,NULL,"MNTRU","R 61000 20000"
9000000132,"CISP Grid","POINT(-6.4707062 53.841802)",NULL,NULL,NULL,"BAROG","O 00700 89100"
9000000141,"CISP Grid","POINT(-8.5987182 52.071561)",NULL,NULL,NULL,"BURNF","W 59000 91200"
9000000143,"CISP Grid","POINT(-10.22515 51.925316)",NULL,NULL,NULL,"LETWE","V 47000 77100"
9000000144,"CISP Grid","POINT(-9.3936941 51.838322)",NULL,NULL,NULL,"INAGH","W 04000 66000"
9000000146,"CISP Grid","POINT(-6.5411846 52.546731)",NULL,NULL,NULL,"KILEG","S 99000 44900"
9000000147,"CISP Grid","POINT(-10.318342 52.209394)",NULL,NULL,NULL,"KLQAN","Q 41600 08900"
9000000148,"CISP Grid","POINT(-9.314668 53.486899)",NULL,NULL,NULL,"INCHA","L 13000 49000"
9000000150,"CISP Grid","POINT(-6.5603175 52.862438)",NULL,NULL,NULL,"HTOWN","S 97000 80000"
9000000151,"CISP Grid","POINT(-8.4411732 52.80564)",NULL,NULL,NULL,"KLLOE","R 70300 72800"
9000000152,"CISP Grid","POINT(-6.5975836 53.819089)",NULL,NULL,NULL,"NOBBE","N 92400 86400"
9000000154,"CISP Grid","POINT(-9.7452738 52.073642)",NULL,NULL,NULL,"KLCOO","V 80400 92700"
9000000155,"CISP Grid","POINT(-9.1341527 51.904032)",NULL,NULL,NULL,"CLHEE","W 22000 73000"
9000000158,"CISP Grid",NULL,NULL,NULL,NULL,"GLLOG",NULL
9000000160,"CISP Grid","POINT(-7.4930043 52.34073)",NULL,NULL,NULL,"WINDG","S 34600 21100"
9000000168,"CISP Grid","POINT(-7.1585462 52.643503)",NULL,NULL,NULL,"CHLAR","S 57000 55000"
9000000169,"CISP Grid","POINT(-7.4657999 52.16265)",NULL,NULL,NULL,"DRUML","S 36600 01300"
9000000171,"CISP Grid","POINT(-10.04368 52.027493)",NULL,NULL,NULL,"KLKEE","V 59800 88100"
9000000179,"CISP Grid","POINT(-7.2353882 52.473261)",NULL,NULL,NULL,"BALBO","S 52000 36000"
9000000183,"CISP Grid","POINT(-7.226746 53.794244)",NULL,NULL,NULL,"DUNGM","N 51000 83000"
9000000184,"CISP Grid","POINT(-9.3182379 52.234693)",NULL,NULL,NULL,"BAWGL","R 10000 10000"
9000000185,"CISP Grid","POINT(-8.3693956 52.384381)",NULL,NULL,NULL,"BGARR","R 74900 25900"
9000000186,"CISP Grid","POINT(-6.7215018 52.936183)",NULL,NULL,NULL,"BGLAS","S 86000 88000"
9000000189,"CISP Grid","POINT(-9.721532 52.063204)",NULL,NULL,NULL,"KLGOB","V 82000 91500"
9000000190,"CISP Grid","POINT(-8.2478679 51.927212)",NULL,NULL,NULL,"BIISL","W 83000 75000"
9000000199,"CISP Grid","POINT(-8.8863596 51.643688)",NULL,NULL,NULL,"TEMAN","W 38700 43800"
9000000201,"CISP Grid","POINT(-6.5416636 53.372688)",NULL,NULL,NULL,"DNMOR","N 97100 36800"
9000000202,"CISP Grid","POINT(-9.0460291 52.051362)",NULL,NULL,NULL,"LHANE","W 28300 89300"
9000000204,"CISP Grid","POINT(-7.7272624 51.94783)",NULL,NULL,NULL,"AMORE","X 18800 77300"
9000000205,"CISP Grid",NULL,NULL,NULL,NULL,"GLINS",NULL
9000000206,"CISP Grid","POINT(-9.7464668 52.32801)",NULL,NULL,NULL,"BALBR","Q 81000 21000"
9000000207,"CISP Grid","POINT(-10.046886 52.161379)",NULL,NULL,NULL,"BLHER","Q 60000 03000"
9000000210,"CISP Grid","POINT(-8.9639324 51.690718)",NULL,NULL,NULL,"CARHA","W 33400 49100"
9000000211,"CISP Grid","POINT(-10.409126 52.156332)",NULL,NULL,NULL,"BWEEN","Q 35200 03200"
9000000212,"CISP Grid","POINT(-6.1959484 54.804706)",NULL,NULL,NULL,"CRCOM","J 16040 96680"
9000000213,"CISP Grid","POINT(-10.279625 52.13913)",NULL,NULL,NULL,"DINGL","Q 44000 01000"
9000000215,"CISP Grid","POINT(-10.121565 51.763614)",NULL,NULL,NULL,"DENAN","V 53600 58900"
9000000220,"CISP Grid","POINT(-6.9549089 53.740065)",NULL,NULL,NULL,"CSKEE","N 69000 77200"
9000000221,"CISP Grid","POINT(-8.6075421 52.076909)",NULL,NULL,NULL,"GRENL","W 58400 91800"
9000000222,"CISP Grid","POINT(-8.0239776 51.933763)",NULL,NULL,NULL,"RTHCA","W 98400 75700"
9000000223,"CISP Grid","POINT(-8.9935609 54.062191)",NULL,NULL,NULL,"AGHAL","G 35000 13000"
9000000224,"CISP Grid","POINT(-6.7267931 52.245974)",NULL,NULL,NULL,"BALGH","S 87000 11200"
9000000226,"CISP Grid","POINT(-10.176967 52.131182)",NULL,NULL,NULL,"AGHIB","V 51000 99900"
9000000227,"CISP Grid","POINT(-10.029645 52.16797)",NULL,NULL,NULL,"RTHDF","Q 61200 03700"
9000000228,"CISP Grid","POINT(-10.33164 51.847737)",NULL,NULL,NULL,"RATHK","V 39400 68700"
9000000232,"CISP Grid",NULL,NULL,NULL,NULL,"MUSIC",NULL
9000000233,"CISP Grid","POINT(-6.5365415 52.995163)",NULL,NULL,NULL,"KNICK","S 98300 94800"
9000000234,"CISP Grid","POINT(-8.252684 52.008096)",NULL,NULL,NULL,"RACOB","W 82700 84000"
9000000235,"CISP Grid","POINT(-8.6747124 53.897274)",NULL,NULL,NULL,"RUSHE","M 55700 94400"
9000000237,"CISP Grid","POINT(-8.4332131 52.00038)",NULL,NULL,NULL,"BABOR","W 70300 83200"
9000000238,"CISP Grid","POINT(-6.0713619 52.904038)",NULL,NULL,NULL,"CSMO","T 29800 85400"
9000000241,"CISP Grid","POINT(-6.651854 54.303148)",NULL,NULL,NULL,"DRCOM","H 87800 40200"
9000000242,"CISP Grid","POINT(-7.7547264 51.97935)",NULL,NULL,NULL,"GRANG","X 16900 80800"
9000000243,"CISP Grid","POINT(-8.7893788 51.882581)",NULL,NULL,NULL,"ROVMO","W 45700 70300"
9000000244,"CISP Grid","POINT(-6.7241431 52.846337)",NULL,NULL,NULL,"TMINE","S 86000 78000"
9000000246,"CISP Grid",NULL,NULL,NULL,NULL,"BENBR",NULL
9000000247,"CISP Grid","POINT(-6.6141495 52.943966)",NULL,NULL,NULL,"BCARE","S 93200 89000"
9000000253,"CISP Grid","POINT(-10.249114 52.258378)",NULL,NULL,NULL,"ARRAG","Q 46500 14200"
9000000255,"CISP Grid","POINT(-7.8117131 52.273361)",NULL,NULL,NULL,"NEWLE","S 12900 13500"
9000000259,"CISP Grid","POINT(-7.5039277 52.151133)",NULL,NULL,NULL,"FOXCA","S 34000 00000"
9000000261,"CISP Grid","POINT(-6.7428797 52.762953)",NULL,NULL,NULL,"CSTGR","S 84900 68700"
9000000262,"CISP Grid","POINT(-9.7328575 52.355176)",NULL,NULL,NULL,"FORTW","Q 82000 24000"
9000000263,"CISP Grid",NULL,NULL,NULL,NULL,"GOWRN",NULL
9000000265,"CISP Grid","POINT(-9.7004112 52.27475)",NULL,NULL,NULL,"TRALE","Q 84000 15000"
9000000275,"CISP Grid","POINT(-10.245467 52.128099)",NULL,NULL,NULL,"BLTAG","V 46300 99700"
9000000276,"CISP Grid","POINT(-10.333014 52.154267)",NULL,NULL,NULL,"BLYGH","Q 40400 02800"
9000000277,"CISP Grid","POINT(-9.710563 52.157748)",NULL,NULL,NULL,"BHILL","Q 83000 02000"
9000000278,"CISP Grid","POINT(-10.309281 52.147542)",NULL,NULL,NULL,"BRAGH","Q 42000 02000"
9000000279,"CISP Grid","POINT(-7.3832569 52.318638)",NULL,NULL,NULL,"BQUIN","S 42100 18700"
9000000280,"CISP Grid","POINT(-10.179724 51.918075)",NULL,NULL,NULL,"KLGRO","V 50100 76200"
9000000281,"CISP Grid","POINT(-6.4275 52.21528)",NULL,NULL,NULL,"COTTS","T 71000 83000"
9000000282,"CISP Grid","POINT(-10.046309 52.148804)",NULL,NULL,NULL,"BRCKN","Q 60000 01600"
9000000283,"CISP Grid","POINT(-9.9177471 52.217485)",NULL,NULL,NULL,"CAMP","Q 69000 09000"
9000000284,"CISP Grid","POINT(-7.7577771 52.222931)",NULL,NULL,NULL,"PRIES","S 16600 07900"
9000000288,"CISP Grid","POINT(-10.358819 52.144764)",NULL,NULL,NULL,"MAUIG","Q 38600 01800"
9000000290,"CISP Grid","POINT(-10.205228 52.141444)",NULL,NULL,NULL,"BALEE","Q 49100 01100"
9000000291,"CISP Grid","POINT(-7.355095 52.136931)",NULL,NULL,NULL,"KNMAH","X 44200 98500"
9000000293,"CISP Grid","POINT(-9.7657158 51.889059)",NULL,NULL,NULL,"GEARS","V 78500 72200"
9000000294,"CISP Grid","POINT(-10.037207 52.269418)",NULL,NULL,NULL,"MRAME","Q 61000 15000"
9000000295,"CISP Grid","POINT(-9.6810998 52.267835)",NULL,NULL,NULL,"RATAS","Q 85300 14200"
9000000300,"CISP Grid","POINT(-7.1635908 52.533891)",NULL,NULL,NULL,"LEGAN","S 56800 42800"
9000000302,"CISP Grid","POINT(-10.077503 51.971166)",NULL,NULL,NULL,"TERMY","V 57300 81900"
9000000304,"CISP Grid","POINT(-9.0104783 51.572571)",NULL,NULL,NULL,"BURGA","W 30000 36000"
9000000308,"CISP Grid","POINT(-7.3977155 54.358594)",NULL,NULL,NULL,"TMOUN","H 39200 45700"
9000000309,"CISP Grid","POINT(-7.1590632 52.616544)",NULL,NULL,NULL,"DUNB","S 57000 52000"
9000000312,"CISP Grid",NULL,NULL,NULL,NULL,"AYWAG",NULL
9000000316,"CISP Grid","POINT(-8.9182344 52.004788)",NULL,NULL,NULL,"CRGUL","W 37000 84000"
9000000322,"CISP Grid","POINT(-7.4824491 52.11329)",NULL,NULL,NULL,"OLDIS","X 35500 95800"
9000000324,"CISP Grid","POINT(-8.8536739 51.672694)",NULL,NULL,NULL,"AHLIS","W 41000 47000"
9000000326,"CISP Grid","POINT(-9.581323 52.222473)",NULL,NULL,NULL,"GURAN","Q 92000 09000"
9000000328,"CISP Grid","POINT(-9.5257577 51.881628)",NULL,NULL,NULL,"DROUK","V 95000 71000"
9000000329,"CISP Grid","POINT(-7.3860781 52.326741)",NULL,NULL,NULL,"CREHS","S 41900 19600"
9000000330,"CISP Grid","POINT(-6.1283834 53.441517)",NULL,NULL,NULL,"POMCK","O 24400 45100"
9000000343,"CISP Grid","POINT(-8.304285 53.796351)",NULL,NULL,NULL,"RCROG","M 80000 83000"
9000000352,"CISP Grid","POINT(-8.7983928 51.981393)",NULL,NULL,NULL,"KILTH","W 45200 81300"
9000000353,"CISP Grid","POINT(-10.436794 52.100925)",NULL,NULL,NULL,"GLHAN","V 33100 97100"
9000000355,"CISP Grid","POINT(-9.5542699 52.076316)",NULL,NULL,NULL,"PARAR","V 93500 92700"
9000000356,"CISP Grid","POINT(-8.8125085 51.957028)",NULL,NULL,NULL,"MNTRI","W 44200 78600"
9000000358,"CISP Grid","POINT(-9.4697342 51.945264)",NULL,NULL,NULL,"MANGE","V 99000 78000"
9000000364,"CISP Grid","POINT(-6.739958 55.116685)",NULL,NULL,NULL,"DUNAL","C 80440 30640"
9000000376,"CISP Grid","POINT(-6.4725893 53.944449)",NULL,NULL,NULL,"BALBA","J 0033 0052"
9000000379,"CISP Grid","POINT(-9.7859642 52.106292)",NULL,NULL,NULL,"KLORG","V 77700 96400"
9000000385,"CISP Grid","POINT(-10.170106 52.140298)",NULL,NULL,NULL,"CHFLD","Q 51500 00900"
9000000387,"CISP Grid","POINT(-7.0533882 52.723597)",NULL,NULL,NULL,"CLMOR","S 64000 64000"
9000000390,"CISP Grid","POINT(-10.061076 52.152143)",NULL,NULL,NULL,"ANSCL","Q 59000 02000"
9000000396,"CISP Grid","POINT(-9.2367299 51.82929)",NULL,NULL,NULL,"KLVMO","W 14800 64800"
9000000398,"CISP Grid",NULL,NULL,NULL,NULL,"ARDNE",NULL
9000000400,"CISP Grid","POINT(-7.6848071 52.193998)",NULL,NULL,NULL,"KNBOY","S 21600 04700"
9000000405,"CISP Grid","POINT(-9.028029 51.838491)",NULL,NULL,NULL,"COOLH","W 29200 65600"
9000000406,"CISP Grid","POINT(-9.7736572 52.164007)",NULL,NULL,NULL,"COBOY","Q 78700 02800"
9000000412,"CISP Grid","POINT(-7.8792747 53.814647)",NULL,NULL,NULL,"CLOOM","N 08000 85000"
9000000414,"CISP Grid","POINT(-6.8902489 52.15055)",NULL,NULL,NULL,"HLAND","S 76000 00400"
9000000416,"CISP Grid","POINT(-9.1328043 51.792584)",NULL,NULL,NULL,"CRSER","W 21900 60600"
9000000418,"CISP Grid","POINT(-9.668336 52.083745)",NULL,NULL,NULL,"KLBON","V 85700 93700"
9000000422,"CISP Grid","POINT(-8.9370417 52.068458)",NULL,NULL,NULL,"CRNLO","W 35800 91100"
9000000423,"CISP Grid","POINT(-10.308333 52.15745)",NULL,NULL,NULL,"KFNTN","Q 42100 03100"
9000000424,"CISP Grid","POINT(-6.6131644 53.021246)",NULL,NULL,NULL,"DNARD","S 93100 97600"
9000000429,"CISP Grid",NULL,NULL,NULL,NULL,"BRMOU",NULL
9000000433,"CISP Grid","POINT(-8.8392936 52.45478)",NULL,NULL,NULL,"BAYEL","R 43000 34000"
9000000436,"CISP Grid","POINT(-9.112042 51.714579)",NULL,NULL,NULL,"DNWAY","W 23200 51900"
9000000440,"CISP Grid","POINT(-10.185708 51.92156)",NULL,NULL,NULL,"CARIN","V 49700 76600"
9000000444,"CISP Grid","POINT(-9.7517554 51.90365)",NULL,NULL,NULL,"DEGAS","V 79500 73800"
9000000447,"CISP Grid","POINT(-8.7986283 53.773411)",NULL,NULL,NULL,"ISLAN","M 47400 80700"
9000000452,"CISP Grid","POINT(-9.6339083 52.059958)",NULL,NULL,NULL,"COOLM","V 88000 91000"
9000000453,"CISP Grid","POINT(-9.9710458 51.634084)",NULL,NULL,NULL,"GOUR","V 63600 44200"
9000000454,"CISP Grid","POINT(-10.058583 51.907671)",NULL,NULL,NULL,"KLLAG","V 58400 74800"
9000000455,"CISP Grid","POINT(-7.8095101 52.103487)",NULL,NULL,NULL,"KLMOL","X 13100 94600"
9000000456,"CISP Grid","POINT(-7.5498467 52.089299)",NULL,NULL,NULL,"KLGRV","X 30900 93100"
9000000457,"CISP Grid","POINT(-8.7985687 51.991279)",NULL,NULL,NULL,"KLWER","W 45200 82400"
9000000460,"CISP Grid","POINT(-10.198681 52.127183)",NULL,NULL,NULL,"KINET","V 49500 99500"
9000000462,"CISP Grid","POINT(-10.061491 52.161125)",NULL,NULL,NULL,"ANGAP","Q 59000 03000"
9000000465,"CISP Grid","POINT(-8.7418517 51.995245)",NULL,NULL,NULL,"LABAN","W 49100 82800"
9000000467,"CISP Grid","POINT(-6.9576535 53.812874)",NULL,NULL,NULL,"RANTA","N 68700 85300"
9000000469,"CISP Grid","POINT(-6.7215117 52.784295)",NULL,NULL,NULL,"RGLAS","S 86300 71100"
9000000470,"CISP Grid","POINT(-9.9440741 51.712746)",NULL,NULL,NULL,"FKWOO","V 65700 52900"
9000000471,"CISP Grid","POINT(-6.628532 52.108247)",NULL,NULL,NULL,"GRISL","X 94000 96000"
9000000474,"CISP Grid","POINT(-9.731804 52.328226)",NULL,NULL,NULL,"RTHKE","Q 82000 21000"
9000000475,"CISP Grid","POINT(-10.605701 52.043369)",NULL,NULL,NULL,"INVIC","V 21300 91100"
9000000476,"CISP Grid","POINT(-10.339043 52.185612)",NULL,NULL,NULL,"KMKDR","Q 40100 06300"
9000000478,"CISP Grid","POINT(-7.9859452 52.655477)",NULL,NULL,NULL,"SCHUD","S 01000 56000"
9000000479,"CISP Grid","POINT(-7.8722872 54.610694)",NULL,NULL,NULL,"STISL","H 08300 73600"
9000000481,"CISP Grid","POINT(-7.9948417 52.407427)",NULL,NULL,NULL,"TOURP","S 00400 28400"
9000000482,"CISP Grid","POINT(-8.7715305 51.942922)",NULL,NULL,NULL,"TLGMO","W 47000 77000"
9000000486,"CISP Grid","POINT(-10.046886 52.161379)",NULL,NULL,NULL,"BDREN","Q 60000 03000"
9000000487,"CISP Grid","POINT(-10.28394 51.937674)",NULL,NULL,NULL,"CHUIS","V 43000 78600"
9000000489,"CISP Grid","POINT(-7.3652973 52.446168)",NULL,NULL,NULL,"LAMOG","S 43200 32900"
9000000491,"CISP Grid","POINT(-8.3698851 53.834804)",NULL,NULL,NULL,"DRUMM","M 75700 87300"
9000000492,"CISP Grid","POINT(-8.766464 51.816217)",NULL,NULL,NULL,"GARES","W 47200 62900"
9000000493,"CISP Grid","POINT(-9.1538224 51.934403)",NULL,NULL,NULL,"GLEBE","W 20700 76400"
9000000494,"CISP Grid","POINT(-8.1811575 51.96868)",NULL,NULL,NULL,"GLEWI","W 87600 79600"
9000000495,"CISP Grid","POINT(-10.133397 52.136473)",NULL,NULL,NULL,"LUGUL","Q 54000 00400"
9000000496,"CISP Grid","POINT(-10.295021 51.841265)",NULL,NULL,NULL,"KLURL","V 41900 67900"
9000000497,"CISP Grid",NULL,NULL,NULL,NULL,"BLNIG",NULL
9000000503,"CISP Grid","POINT(-10.033181 52.181393)",NULL,NULL,NULL,"BLHUN","Q 61000 05200"
9000000508,"CISP Grid","POINT(-7.1313126 52.526469)",NULL,NULL,NULL,"THOTO","S 59000 42000"
9000000511,"CISP Grid","POINT(-7.7516725 52.267858)",NULL,NULL,NULL,"TOOCU","S 17000 12900"
9000000512,"CISP Grid","POINT(-7.9857256 53.326779)",NULL,NULL,NULL,"CLMAC","N 01000 30700"
9000000513,"CISP Grid","POINT(-9.701911 52.084164)",NULL,NULL,NULL,"WHFLD","V 83400 93800"
9000000514,"CISP Grid","POINT(-8.4577573 51.979614)",NULL,NULL,NULL,"DNBUL","W 68600 80900"
9000000517,"CISP Grid","POINT(-7.1258751 52.577658)",NULL,NULL,NULL,"TULHE","S 59300 47700"
9000000520,"CISP Grid","POINT(-7.039378 52.687534)",NULL,NULL,NULL,"SHANK","S 65000 60000"
9000000524,"CISP Grid","POINT(-7.3284668 52.159252)",NULL,NULL,NULL,"KLBEG","S 46000 01000"
9000000527,"CISP Grid","POINT(-10.180949 53.983608)",NULL,NULL,NULL,"KEELW","F 57000 06000"
9000000528,"CISP Grid","POINT(-9.7108823 51.707384)",NULL,NULL,NULL,"KLCAS","V 81800 51900"
9000000532,"CISP Grid","POINT(-9.6362078 52.122848)",NULL,NULL,NULL,"RFILD","V 88000 98000"
9000000536,"CISP Grid","POINT(-6.5634556 53.662323)",NULL,NULL,NULL,"PAINT","N 95000 69000"
9000000537,"CISP Grid",NULL,NULL,NULL,NULL,"PRKLA",NULL
9000000538,"CISP Grid","POINT(-9.1783129 51.758878)",NULL,NULL,NULL,"KEENH","W 18700 56900"
9000000544,"CISP Grid","POINT(-7.0423984 54.699516)",NULL,NULL,NULL,"AGHAS","H 61780 83900"
9000000546,"CISP Grid","POINT(-10.140695 52.136341)",NULL,NULL,NULL,"AGLIS","Q 53500 00400"
9000000547,"CISP Grid",NULL,NULL,NULL,NULL,"CURMO",NULL
9000000548,"CISP Grid","POINT(-7.3860656 52.32764)",NULL,NULL,NULL,"CRGHH","S 41900 19700"
9000000549,"CISP Grid","POINT(-8.9024078 51.941991)",NULL,NULL,NULL,"DEELI","W 38000 77000"
9000000550,"CISP Grid",NULL,NULL,NULL,NULL,"KLCUM",NULL
9000000552,"CISP Grid","POINT(-8.5384345 52.031405)",NULL,NULL,NULL,"GLSHS","W 63100 86700"
9000000565,"CISP Grid","POINT(-10.041002 52.160582)",NULL,NULL,NULL,"BLTER","Q 60400 02900"
9000000572,"CISP Grid","POINT(-8.7742448 53.767281)",NULL,NULL,NULL,"KILMA","M 49000 80000"
9000000574,"CISP Grid","POINT(-9.4313982 52.565941)",NULL,NULL,NULL,"COHIL","R 03000 47000"
9000000578,"CISP Grid","POINT(-10.269408 52.139327)",NULL,NULL,NULL,"FARAN","Q 44700 01000"
9000000579,"CISP Grid","POINT(-9.7529715 52.12117)",NULL,NULL,NULL,"TINAH","V 80000 98000"
